{
  "minecraft:recipes/tools/fishing_rod": {
    "criteria": {
      "has_string": "2020-08-31 11:18:57 +0900"
    },
    "done": true
  },
  "minecraft:recipes/misc/bone_meal_from_bone": {
    "criteria": {
      "has_bone": "2020-08-31 11:18:57 +0900"
    },
    "done": true
  },
  "minecraft:recipes/combat/bow": {
    "criteria": {
      "has_string": "2020-08-31 11:18:57 +0900"
    },
    "done": true
  },
  "minecraft:recipes/redstone/dispenser": {
    "criteria": {
      "has_bow": "2020-08-31 11:18:57 +0900"
    },
    "done": true
  },
  "minecraft:recipes/redstone/tnt": {
    "criteria": {
      "has_gunpowder": "2020-08-31 11:18:57 +0900"
    },
    "done": true
  },
  "minecraft:recipes/building_blocks/string_to_wool": {
    "criteria": {
      "has_string": "2020-08-31 11:18:57 +0900"
    },
    "done": true
  },
  "minecraft:recipes/misc/leather": {
    "criteria": {
      "has_rabbit_hide": "2020-08-31 11:18:57 +0900"
    },
    "done": true
  },
  "minecraft:recipes/decorations/chest": {
    "criteria": {
      "has_lots_of_items": "2020-08-31 11:18:57 +0900"
    },
    "done": true
  },
  "minecraft:adventure/kill_a_mob": {
    "criteria": {
      "skeleton": "2020-08-31 11:19:06 +0900"
    },
    "done": true
  },
  "minecraft:adventure/kill_all_mobs": {
    "criteria": {
      "skeleton": "2020-08-31 11:19:06 +0900",
      "zombie": "2020-08-31 11:19:35 +0900",
      "spider": "2020-08-31 11:19:20 +0900"
    },
    "done": false
  },
  "minecraft:recipes/building_blocks/snow": {
    "criteria": {
      "has_snowball": "2020-08-31 11:18:57 +0900"
    },
    "done": true
  },
  "minecraft:adventure/root": {
    "criteria": {
      "killed_something": "2020-08-31 11:19:06 +0900"
    },
    "done": true
  },
  "minecraft:recipes/redstone/tripwire_hook": {
    "criteria": {
      "has_string": "2020-08-31 11:18:57 +0900"
    },
    "done": true
  },
  "minecraft:recipes/decorations/snow_layer": {
    "criteria": {
      "has_snowball": "2020-08-31 11:18:57 +0900"
    },
    "done": true
  },
  "minecraft:adventure/adventuring_time": {
    "criteria": {
      "forest": "2020-08-31 11:20:24 +0900",
      "desert": "2020-08-31 11:20:30 +0900"
    },
    "done": false
  }
}