{
  "minecraft:adventure/root": {
    "criteria": {
      "killed_something": "2020-08-20 23:13:44 +0900"
    },
    "done": true
  },
  "minecraft:recipes/building_blocks/coal_block": {
    "criteria": {
      "has_at_least_9_coal": "2020-08-20 23:13:06 +0900"
    },
    "done": true
  },
  "minecraft:adventure/kill_a_mob": {
    "criteria": {
      "husk": "2020-08-20 23:13:44 +0900"
    },
    "done": true
  },
  "minecraft:adventure/kill_all_mobs": {
    "criteria": {
      "husk": "2020-08-20 23:13:44 +0900"
    },
    "done": false
  },
  "minecraft:adventure/adventuring_time": {
    "criteria": {
      "desert": "2020-08-20 23:12:50 +0900"
    },
    "done": false
  }
}