{"stat.pickup.minecraft.rotten_flesh":1,"stat.flyOneCm":40283,"stat.killEntity.Skeleton":1,"stat.walkOneCm":625,"stat.drop":2,"stat.jump":15,"stat.swimOneCm":975,"stat.useItem.animearsenal.chixiao":3,"stat.playOneMinute":4148,"stat.drop.animearsenal.chixiao":2,"stat.useItem.animearsenal.compoundbow":8,"stat.leaveGame":1,"stat.sneakTime":263,"stat.damageDealt":558,"stat.pickup.minecraft.gunpowder":2,"stat.killEntity.Husk":1,"stat.crouchOneCm":22,"stat.timeSinceDeath":4148,"stat.sprintOneCm":1269,"stat.mobKills":3,"stat.pickup.animearsenal.chixiao":1,"stat.killEntity.Creeper":1}