{"stat.pickup.minecraft.rotten_flesh":2,"stat.flyOneCm":11656,"stat.killEntity.Skeleton":1,"stat.walkOneCm":2099,"stat.pickup.minecraft.bone":2,"stat.jump":12,"stat.pickup.minecraft.potato":1,"stat.playOneMinute":1515,"stat.useItem.animearsenal.compoundbow":32,"stat.leaveGame":1,"stat.pickup.minecraft.arrow":3,"stat.sneakTime":47,"stat.crouchOneCm":162,"stat.killEntity.Zombie":2,"stat.timeSinceDeath":1515,"stat.mobKills":4,"stat.sprintOneCm":5330,"stat.pickup.minecraft.bow":1,"stat.killEntity.Creeper":1}