{"stat.pickup.minecraft.rotten_flesh":2,"stat.drop.animearsenal.exuvector":1,"stat.killEntity.Skeleton":4,"stat.walkOneCm":8481,"stat.pickup.minecraft.bone":4,"stat.leaveGame":1,"stat.pickup.minecraft.arrow":3,"stat.pickup.minecraft.leather":2,"stat.killEntity.Husk":1,"stat.pickup.animearsenal.exuvector":1,"stat.mobKills":12,"stat.killEntity.Creeper":2,"stat.useItem.animearsenal.katana":3,"stat.flyOneCm":24267,"stat.drop":1,"stat.jump":36,"stat.swimOneCm":1019,"stat.playOneMinute":11454,"stat.killEntity.Witch":1,"stat.pickup.minecraft.beef":2,"stat.useItem.animearsenal.compoundbow":63,"stat.sneakTime":131,"stat.pickup.minecraft.wool":3,"stat.damageDealt":551,"stat.pickup.minecraft.gunpowder":1,"stat.crouchOneCm":299,"stat.killEntity.Zombie":2,"stat.timeSinceDeath":11454,"stat.killEntity.Cow":2,"stat.sprintOneCm":7335,"stat.pickup.minecraft.mutton":6}