{"stat.useItem.minecraft.bow":18,"stat.useItem.animearsenal.originiumsword":1,"stat.walkOneCm":8697,"stat.killEntity.Chicken":1,"stat.leaveGame":1,"stat.pickup.minecraft.feather":2,"stat.pickup.minecraft.leather":2,"stat.killEntity.Wolf":3,"stat.drop.animearsenal.originiumsword":1,"stat.mobKills":9,"stat.killEntity.Creeper":3,"stat.flyOneCm":101357,"stat.drop":1,"stat.jump":66,"stat.swimOneCm":534,"stat.pickup.minecraft.egg":1,"stat.playOneMinute":7457,"stat.pickup.minecraft.beef":3,"stat.useItem.animearsenal.compoundbow":28,"stat.sneakTime":449,"stat.pickup.animearsenal.originiumsword":1,"stat.useItem.animearsenal.megustaff":1,"stat.damageDealt":280,"stat.pickup.minecraft.gunpowder":2,"stat.crouchOneCm":910,"stat.pickup.minecraft.chicken":1,"stat.timeSinceDeath":7457,"stat.killEntity.Cow":2,"stat.sprintOneCm":12450,"stat.useItem.minecraft.spawn_egg":2,"stat.diveOneCm":9532}